LIGAND_NAME,Hydrogen_bonds,Hydrogen_bond_distance,Hydrophobic_bonds,Hydrophobic_bond_distance
15561101_uff_E=120.29_out,,,,
15561101_uff_E=120.29_out_1,SER75,2.95,ASN401 | ASN401 | ALA76 | SER397 | LEU200 | SER397 | SER397 | ASN401 | ASN401,3.80 | 3.72 | 3.73 | 3.78 | 3.71 | 3.70 | 3.81 | 3.89 | 3.37
15561101_uff_E=120.29_out_2,LYS398 | SER397,2.95 | 2.94,ALA76 | ALA76 | ALA76 | ALA76 | LYS398 | SER397 | SER397 | ASN401 | ASN401 | LEU200 | LEU200,3.82 | 3.67 | 3.78 | 3.87 | 3.70 | 3.76 | 3.76 | 3.89 | 3.55 | 3.56 | 3.84
15561101_uff_E=120.29_out_3,SER423,2.92,VAL420 | PHE416 | PHE416 | ILE227 | PHE416 | SER231 | PHE230 | VAL420 | ALA419 | ILE227 | PHE230 | PHE230 | VAL420 | PHE230 | PHE230,3.88 | 3.60 | 3.80 | 3.62 | 3.87 | 3.58 | 3.81 | 3.51 | 3.80 | 3.34 | 3.58 | 3.82 | 3.80 | 3.81 | 3.86
15561101_uff_E=120.29_out_4,GLN302 | SER298,3.09 | 3.10,SER298 | ILE39 | THR36 | ILE39 | ILE39 | THR36 | LEU294 | SER298 | PRO161 | PRO161,3.75 | 3.59 | 3.61 | 3.73 | 3.79 | 3.69 | 3.78 | 3.90 | 3.62 | 3.74
15561101_uff_E=120.29_out_5,SER345,3.26,LEU333 | SER382 | SER382 | ALA381 | ALA330 | PHE326 | PHE326 | LEU333,3.55 | 3.83 | 3.55 | 3.74 | 3.75 | 3.75 | 3.71 | 3.82
15561101_uff_E=120.29_out_6,,,ALA381 | ALA330 | SER382 | ALA330 | PHE326 | PHE326 | VAL342 | VAL342,3.67 | 3.68 | 3.56 | 3.55 | 3.63 | 3.66 | 3.83 | 3.70
15561101_uff_E=120.29_out_7,GLN299,3.17,PHE478 | GLY422 | LEU295 | GLY422 | LEU295 | LEU295 | GLY422 | GLY422 | LEU296 | LEU296 | GLY422 | GLY422,3.83 | 3.66 | 3.86 | 3.78 | 3.86 | 3.77 | 3.66 | 3.89 | 3.59 | 3.61 | 3.77 | 3.89
15561101_uff_E=120.29_out_8,ILE341,2.93,SER345 | TYR501 | TYR501 | TYR501 | PRO344 | TYR501 | ILE498 | ILE498 | TYR501 | TYR501 | TYR501 | TYR501 | TYR501 | TYR501 | PRO344 | TYR501 | TYR501 | TYR501 | TYR501 | TYR501,3.83 | 3.82 | 3.72 | 3.60 | 3.41 | 3.81 | 3.71 | 3.49 | 3.83 | 3.78 | 3.88 | 3.78 | 3.88 | 3.84 | 3.79 | 3.77 | 3.82 | 3.74 | 3.67 | 3.73
15561101_uff_E=120.29_out_9,THR32 | THR32,3.04 | 3.06,LEU295 | LEU294 | LEU294 | LEU295 | LEU294 | ALA291 | MET290 | ALA157 | ALA157 | ALA157,3.71 | 3.77 | 3.71 | 3.58 | 3.75 | 3.83 | 3.57 | 3.81 | 3.62 | 3.55
